wmo,regiao,uf,estacao,latitude,longitude,altitude,data_de_fundacao,source_file
A001,CO,DF,BRASILIA,"-15,78944444","-47,92583332","1160,96",07/05/00,inmet_CO_DF_A001_BRASILIA_01-01-2024_A_31-12-2024_dados.csv
A042,CO,DF,BRAZLANDIA,"-15,59972221","-48,1311111",1143,19/07/17,inmet_CO_DF_A042_BRAZLANDIA_01-01-2024_A_31-12-2024_dados.csv
A045,CO,DF,AGUAS EMENDADAS,"-15,596491","-47,625801","1030,36",03/10/08,inmet_CO_DF_A045_AGUAS-EMENDADAS_01-01-2024_A_31-12-2024_dados.csv
A046,CO,DF,GAMA (PONTE ALTA),"-15,93527777","-48,13749999",990,01/10/14,inmet_CO_DF_A046_GAMA-(PONTE-ALTA)_01-01-2024_A_31-12-2024_dados.csv
A047,CO,DF,PARANOA (COOPA-DF),"-16,012222","-47,557417",1043,07/02/17,inmet_CO_DF_A047_PARANOA-(COOPA-DF)_01-01-2024_A_31-12-2024_dados.csv
A002,CO,GO,GOIANIA,"-16,64277777","-49,22027777","727,3",29/05/01,inmet_CO_GO_A002_GOIANIA_01-01-2024_A_31-12-2024_dados.csv
A003,CO,GO,MORRINHOS,"-17,74499999","-49,10166666","751,09",25/05/01,inmet_CO_GO_A003_MORRINHOS_01-01-2024_A_31-12-2024_dados.csv
A005,CO,GO,PORANGATU,"-13,30944444","-49,11749999",365,04/06/01,inmet_CO_GO_A005_PORANGATU_01-01-2024_A_31-12-2024_dados.csv
A011,CO,GO,SAO SIMAO,"-18,96916666","-50,63333333","492,45",15/07/06,inmet_CO_GO_A011_SAO-SIMAO_01-01-2024_A_31-12-2024_dados.csv
A012,CO,GO,LUZIANIA,"-16,26055555","-47,96694443","1000,82",21/10/06,inmet_CO_GO_A012_LUZIANIA_01-01-2024_A_31-12-2024_dados.csv
A013,CO,GO,ARAGARCAS,"-15,90277777","-52,24527777","327,35",13/07/07,inmet_CO_GO_A013_ARAGARCAS_01-01-2024_A_31-12-2024_dados.csv
A014,CO,GO,GOIAS,"-15,93972221","-50,14138888","512,86",18/07/07,inmet_CO_GO_A014_GOIAS_01-01-2024_A_31-12-2024_dados.csv
A015,CO,GO,ITAPACI,"-14,97972221","-49,53944444",551,03/02/07,inmet_CO_GO_A015_ITAPACI_01-01-2024_A_31-12-2024_dados.csv
A016,CO,GO,JATAI,"-17,9236111","-51,71749999","670,08",23/05/07,inmet_CO_GO_A016_JATAI_01-01-2024_A_31-12-2024_dados.csv
A017,CO,GO,POSSE,"-14,08916666","-46,36638888",830,18/04/07,inmet_CO_GO_A017_POSSE_01-01-2024_A_31-12-2024_dados.csv
A022,CO,GO,GOIANESIA,"-15,22027777","-48,98999999","667,01",02/06/07,inmet_CO_GO_A022_GOIANESIA_01-01-2024_A_31-12-2024_dados.csv
A023,CO,GO,CAIAPONIA,"-16,96694443","-51,81749999","740,1",21/05/07,inmet_CO_GO_A023_CAIAPONIA_01-01-2024_A_31-12-2024_dados.csv
A025,CO,GO,RIO VERDE,"-17,78527777","-50,965","780,11",17/05/07,inmet_CO_GO_A025_RIO-VERDE_01-01-2024_A_31-12-2024_dados.csv
A026,CO,GO,MINEIROS,"-17,45472222","-52,60111111",862,24/11/07,inmet_CO_GO_A026_MINEIROS_01-01-2024_A_31-12-2024_dados.csv
A028,CO,GO,IPORA,"-16,42305554","-51,14888888","610,41",24/06/13,inmet_CO_GO_A028_IPORA_01-01-2024_A_31-12-2024_dados.csv
A029,CO,GO,EDEIA,"-17,33694444","-49,91472222",608,26/08/17,inmet_CO_GO_A029_EDEIA_01-01-2024_A_31-12-2024_dados.csv
A031,CO,GO,SAO MIGUEL DO ARAGUAIA,"-12,82055554","-50,33583333",210,29/06/17,inmet_CO_GO_A031_SAO-MIGUEL-DO-ARAGUAIA_01-01-2024_A_31-12-2024_dados.csv
A032,CO,GO,MONTE ALEGRE DE GOIAS,"-13,25361111","-46,89027777",552,07/06/07,inmet_CO_GO_A032_MONTE-ALEGRE-DE-GOIAS_01-01-2024_A_31-12-2024_dados.csv
A033,CO,GO,PIRES DO RIO,"-17,30416666","-48,28416666","757,27",12/10/07,inmet_CO_GO_A033_PIRES-DO-RIO_01-01-2024_A_31-12-2024_dados.csv
A034,CO,GO,CATALAO,"-18,154779","-47,927614","900,72",31/01/08,inmet_CO_GO_A034_CATALAO_01-01-2024_A_31-12-2024_dados.csv
A036,CO,GO,CRISTALINA,"-16,78499999","-47,61305555","1211,08",14/12/07,inmet_CO_GO_A036_CRISTALINA_01-01-2024_A_31-12-2024_dados.csv
A056,CO,GO,CRISTALINA (FAZENDA SANTA MONICA),"-16,39944444","-47,62583332",932,25/01/18,inmet_CO_GO_A056_CRISTALINA-(FAZENDA-SANTA-MONICA)_01-01-2024_A_31-12-2024_dados.csv
A702,CO,MS,CAMPO GRANDE,"-20,44722221","-54,72249999","528,47",10/09/01,inmet_CO_MS_A702_CAMPO-GRANDE_01-01-2024_A_31-12-2024_dados.csv
A703,CO,MS,PONTA PORA,"-22,5525","-55,71638888",668,07/09/01,inmet_CO_MS_A703_PONTA-PORA_01-01-2024_A_31-12-2024_dados.csv
A704,CO,MS,TRES LAGOAS,"-20,79499999","-51,71333333","328,94",03/09/01,inmet_CO_MS_A704_TRES-LAGOAS_01-01-2024_A_31-12-2024_dados.csv
A709,CO,MS,IVINHEMA,"-22,30055555","-53,82277777","377,36",08/02/03,inmet_CO_MS_A709_IVINHEMA_01-01-2024_A_31-12-2024_dados.csv
A710,CO,MS,PARANAIBA,"-19,69555555","-51,18166666","408,06",10/11/06,inmet_CO_MS_A710_PARANAIBA_01-01-2024_A_31-12-2024_dados.csv
A717,CO,MS,NHUMIRIM,"-18,9886111","-56,62277777","102,26",02/08/06,inmet_CO_MS_A717_NHUMIRIM_01-01-2024_A_31-12-2024_dados.csv
A719,CO,MS,AQUIDAUANA,"-20,47555554","-55,78388888","151,35",01/11/06,inmet_CO_MS_A719_AQUIDAUANA_01-01-2024_A_31-12-2024_dados.csv
A720,CO,MS,COXIM,"-18,51222222","-54,7361111","251,48",06/11/06,inmet_CO_MS_A720_COXIM_01-01-2024_A_31-12-2024_dados.csv
A721,CO,MS,DOURADOS,"-22,19388888","-54,91138888","463,3",18/10/06,inmet_CO_MS_A721_DOURADOS_01-01-2024_A_31-12-2024_dados.csv
A722,CO,MS,MIRANDA,"-20,39555555","-56,43166666","132,49",02/11/06,inmet_CO_MS_A722_MIRANDA_01-01-2024_A_31-12-2024_dados.csv
A723,CO,MS,PORTO MURTINHO,"-21,70583333","-57,88666666","78,56",24/10/06,inmet_CO_MS_A723_PORTO-MURTINHO_01-01-2024_A_31-12-2024_dados.csv
A724,CO,MS,CORUMBA,"-18,99666666","-57,63749999","111,73",26/10/06,inmet_CO_MS_A724_CORUMBA_01-01-2024_A_31-12-2024_dados.csv
A730,CO,MS,CHAPADAO DO SUL,"-18,80222222","-52,6025","820,82",20/12/06,inmet_CO_MS_A730_CHAPADAO-DO-SUL_01-01-2024_A_31-12-2024_dados.csv
A731,CO,MS,MARACAJU,"-21,60916666","-55,17749999","388,94",15/12/06,inmet_CO_MS_A731_MARACAJU_01-01-2024_A_31-12-2024_dados.csv
A732,CO,MS,SAO GABRIEL DO OESTE,"-19,42027777","-54,55305555",646,18/12/06,inmet_CO_MS_A732_SAO-GABRIEL-DO-OESTE_01-01-2024_A_31-12-2024_dados.csv
A742,CO,MS,CASSILANDIA,"-19,12249999","-51,72083332","494,72",08/03/08,inmet_CO_MS_A742_CASSILANDIA_01-01-2024_A_31-12-2024_dados.csv
A743,CO,MS,RIO BRILHANTE,"-21,77499999","-54,52805554","324,31",26/06/08,inmet_CO_MS_A743_RIO-BRILHANTE_01-01-2024_A_31-12-2024_dados.csv
A749,CO,MS,JUTI,"-22,85722222","-54,60555555","375,18",16/06/08,inmet_CO_MS_A749_JUTI_01-01-2024_A_31-12-2024_dados.csv
A752,CO,MS,ITAQUIRAI,"-23,44944444","-54,18194443","337,82",28/05/08,inmet_CO_MS_A752_ITAQUIRAI_01-01-2024_A_31-12-2024_dados.csv
A754,CO,MS,SIDROLANDIA,"-20,98166666","-54,97194443","471,43",29/09/08,inmet_CO_MS_A754_SIDROLANDIA_01-01-2024_A_31-12-2024_dados.csv
A756,CO,MS,AGUA CLARA,"-20,44444444","-52,87583332","323,63",14/08/10,inmet_CO_MS_A756_AGUA-CLARA_01-01-2024_A_31-12-2024_dados.csv
A758,CO,MS,JARDIM,"-21,4786111","-56,13777777","252,47",04/08/11,inmet_CO_MS_A758_JARDIM_01-01-2024_A_31-12-2024_dados.csv
A759,CO,MS,BATAGUASSU,"-21,75","-52,47138888","392,13",21/03/13,inmet_CO_MS_A759_BATAGUASSU_01-01-2024_A_31-12-2024_dados.csv
A760,CO,MS,COSTA RICA,"-18,49277777","-53,17138888","727,34",04/12/12,inmet_CO_MS_A760_COSTA-RICA_01-01-2024_A_31-12-2024_dados.csv
A761,CO,MS,SONORA,"-17,63527777","-54,76055555","495,25",30/11/12,inmet_CO_MS_A761_SONORA_01-01-2024_A_31-12-2024_dados.csv
A901,CO,MT,CUIABA,"-15,60694444","-56,06083333",184,08/12/02,inmet_CO_MT_A901_CUIABA_01-01-2024_A_31-12-2024_dados.csv
A902,CO,MT,TANGARA DA SERRA,"-14,65","-57,43166666","440,01",11/12/02,inmet_CO_MT_A902_TANGARA-DA-SERRA_01-01-2024_A_31-12-2024_dados.csv
A903,CO,MT,S.J. DO RIO CLARO,"-13,45388888","-56,67722221","339,59",25/02/03,inmet_CO_MT_A903_S.J.-DO-RIO-CLARO_01-01-2024_A_31-12-2024_dados.csv
A904,CO,MT,SORRISO,"-12,555","-55,72277777","379,31",16/12/02,inmet_CO_MT_A904_SORRISO_01-01-2024_A_31-12-2024_dados.csv
A907,CO,MT,RONDONOPOLIS,"-16,4625","-54,58027777","289,88",17/11/03,inmet_CO_MT_A907_RONDONOPOLIS_01-01-2024_A_31-12-2024_dados.csv
A908,CO,MT,AGUA BOA,"-14,01638888","-52,21166666",440,16/12/06,inmet_CO_MT_A908_AGUA-BOA_01-01-2024_A_31-12-2024_dados.csv
A909,CO,MT,ALTO ARAGUAIA,"-17,33944444","-53,22444443","753,28",22/09/11,inmet_CO_MT_A909_ALTO-ARAGUAIA_01-01-2024_A_31-12-2024_dados.csv
A911,CO,MT,SAPEZAL,"-13,30388888","-58,76333333",105,20/10/17,inmet_CO_MT_A911_SAPEZAL_01-01-2024_A_31-12-2024_dados.csv
A913,CO,MT,COMODORO,"-13,70805555","-59,7625","576,87",28/11/06,inmet_CO_MT_A913_COMODORO_01-01-2024_A_31-12-2024_dados.csv
A916,CO,MT,QUERENCIA,"-12,60305555","-52,1625",355,18/07/07,inmet_CO_MT_A916_QUERENCIA_01-01-2024_A_31-12-2024_dados.csv
A917,CO,MT,SINOP,"-11,98222221","-55,56611111","366,57",29/10/06,inmet_CO_MT_A917_SINOP_01-01-2024_A_31-12-2024_dados.csv
A920,CO,MT,JUINA,"-11,37499999","-58,77472221","365,39",24/11/06,inmet_CO_MT_A920_JUINA_01-01-2024_A_31-12-2024_dados.csv
A922,CO,MT,VILA BELA DA SANTISSIMA TRINDADE,"-15,06277777","-59,87305554",213,01/12/06,inmet_CO_MT_A922_VILA-BELA-DA-SANTISSIMA-TRINDADE_01-01-2024_A_31-12-2024_dados.csv
A923,CO,MT,PRIMAVERA DO LESTE,"-15,57999999","-54,3811111",680,26/10/17,inmet_CO_MT_A923_PRIMAVERA-DO-LESTE_01-01-2024_A_31-12-2024_dados.csv
A926,CO,MT,CARLINDA,"-9,97055554","-55,82749999","293,71",09/04/08,inmet_CO_MT_A926_CARLINDA_01-01-2024_A_31-12-2024_dados.csv
A932,CO,MT,GUIRATINGA,"-16,34166666","-53,76611111","525,43",24/01/08,inmet_CO_MT_A932_GUIRATINGA_01-01-2024_A_31-12-2024_dados.csv
A937,CO,MT,PONTES E LACERDA,"-15,23444444","-59,3461111","272,53",30/01/08,inmet_CO_MT_A937_PONTES-E-LACERDA_01-01-2024_A_31-12-2024_dados.csv
A942,CO,MT,SAO JOSE DO XINGU,"-10,48416666","-52,37249999",300,19/02/19,inmet_CO_MT_A942_SAO-JOSE-DO-XINGU_01-01-2024_A_31-12-2024_dados.csv
A944,CO,MT,ROSARIO OESTE,"-14,82888888","-56,44194444",195,30/05/19,inmet_CO_MT_A944_ROSARIO-OESTE_01-01-2024_A_31-12-2024_dados.csv
A303,NE,AL,MACEIO,"-9,55111111","-35,77027777","84,12",25/02/03,inmet_NE_AL_A303_MACEIO_01-01-2024_A_31-12-2024_dados.csv
A323,NE,AL,PAO DE ACUCAR,"-9,74916666","-37,43083332","20,83",14/07/07,inmet_NE_AL_A323_PAO-DE-ACUCAR_01-01-2024_A_31-12-2024_dados.csv
A327,NE,AL,PALMEIRA DOS INDIOS,"-9,42027777","-36,62027777","278,01",11/07/07,inmet_NE_AL_A327_PALMEIRA-DOS-INDIOS_01-01-2024_A_31-12-2024_dados.csv
A353,NE,AL,ARAPIRACA,"-9,80444444","-36,61916666","236,84",27/04/08,inmet_NE_AL_A353_ARAPIRACA_01-01-2024_A_31-12-2024_dados.csv
A355,NE,AL,CORURIPE,"-10,1286111","-36,28638888","82,39",06/09/08,inmet_NE_AL_A355_CORURIPE_01-01-2024_A_31-12-2024_dados.csv
A371,NE,AL,PIRANHAS,"-9,62222221","-37,76722221",187,20/09/17,inmet_NE_AL_A371_PIRANHAS_01-01-2024_A_31-12-2024_dados.csv
A401,NE,BA,SALVADOR,"-13,005515","-38,50576","47,56",13/05/00,inmet_NE_BA_A401_SALVADOR_01-01-2024_A_31-12-2024_dados.csv
A402,NE,BA,BARREIRAS,"-12,12472221","-45,02694443","474,17",20/12/01,inmet_NE_BA_A402_BARREIRAS_01-01-2024_A_31-12-2024_dados.csv
A404,NE,BA,LUIZ EDUARDO MAGALHAES,"-12,1525","-45,82972221","760,68",18/04/02,inmet_NE_BA_A404_LUIZ-EDUARDO-MAGALHAES_01-01-2024_A_31-12-2024_dados.csv
A405,NE,BA,CARAVELAS,"-17,73944444","-39,25861111","6,05",20/12/02,inmet_NE_BA_A405_CARAVELAS_01-01-2024_A_31-12-2024_dados.csv
A406,NE,BA,CRUZ DAS ALMAS,"-12,67555554","-39,08944444","219,76",19/01/03,inmet_NE_BA_A406_CRUZ-DAS-ALMAS_01-01-2024_A_31-12-2024_dados.csv
A407,NE,BA,ITIRUCU,"-13,52777777","-40,11972221","757,42",09/02/03,inmet_NE_BA_A407_ITIRUCU_01-01-2024_A_31-12-2024_dados.csv
A408,NE,BA,ITABERABA,"-12,52416666","-40,29972221","250,11",29/01/03,inmet_NE_BA_A408_ITABERABA_01-01-2024_A_31-12-2024_dados.csv
A410,NE,BA,ILHEUS,"-14,65888888","-39,18138888","80,21",25/01/03,inmet_NE_BA_A410_ILHEUS_01-01-2024_A_31-12-2024_dados.csv
A413,NE,BA,FEIRA DE SANTANA,"-12,1961111","-38,96749999","229,64",26/05/07,inmet_NE_BA_A413_FEIRA-DE-SANTANA_01-01-2024_A_31-12-2024_dados.csv
A414,NE,BA,VITORIA DA CONQUISTA,"-14,88638888","-40,80138888","879,38",01/06/07,inmet_NE_BA_A414_VITORIA-DA-CONQUISTA_01-01-2024_A_31-12-2024_dados.csv
A416,NE,BA,CORRENTINA,"-13,33249999","-44,61749999","551,71",09/11/07,inmet_NE_BA_A416_CORRENTINA_01-01-2024_A_31-12-2024_dados.csv
A418,NE,BA,BOM JESUS DA LAPA,"-13,25111111","-43,40527777","447,75",18/05/07,inmet_NE_BA_A418_BOM-JESUS-DA-LAPA_01-01-2024_A_31-12-2024_dados.csv
A425,NE,BA,LENCOIS,"-12,55777777","-41,38888888","438,09",05/04/08,inmet_NE_BA_A425_LENCOIS_01-01-2024_A_31-12-2024_dados.csv
A428,NE,BA,SENHOR DO BONFIM,"-10,44305555","-40,14833333","532,09",27/03/08,inmet_NE_BA_A428_SENHOR-DO-BONFIM_01-01-2024_A_31-12-2024_dados.csv
A430,NE,BA,PIATA,"-13,15555555","-41,77416666","1283,95",03/05/08,inmet_NE_BA_A430_PIATA_01-01-2024_A_31-12-2024_dados.csv
A431,NE,BA,CONDE,"-12,03583333","-37,68388888","31,9",07/04/08,inmet_NE_BA_A431_CONDE_01-01-2024_A_31-12-2024_dados.csv
A434,NE,BA,AMARGOSA,"-13,00944444","-39,61694443","397,8",11/07/08,inmet_NE_BA_A434_AMARGOSA_01-01-2024_A_31-12-2024_dados.csv
A439,NE,BA,IBOTIRAMA,"-12,19305555","-43,21333333","425,12",28/04/08,inmet_NE_BA_A439_IBOTIRAMA_01-01-2024_A_31-12-2024_dados.csv
A441,NE,BA,SERRINHA,"-11,66472222","-39,02305554","337,79",09/05/08,inmet_NE_BA_A441_SERRINHA_01-01-2024_A_31-12-2024_dados.csv
A442,NE,BA,EUCLIDES DA CUNHA,"-10,53722221","-38,99666666","431,96",31/03/08,inmet_NE_BA_A442_EUCLIDES-DA-CUNHA_01-01-2024_A_31-12-2024_dados.csv
A445,NE,BA,IPIAU,"-14,17138888","-39,69249999","132,11",30/06/09,inmet_NE_BA_A445_IPIAU_01-01-2024_A_31-12-2024_dados.csv
A446,NE,BA,ITAPETINGA,"-15,24472221","-40,22944443","271,48",25/06/09,inmet_NE_BA_A446_ITAPETINGA_01-01-2024_A_31-12-2024_dados.csv
A447,NE,BA,BELMONTE,"-16,08805555","-39,21527777","89,67",02/07/09,inmet_NE_BA_A447_BELMONTE_01-01-2024_A_31-12-2024_dados.csv
A448,NE,BA,CURACA,"-9,00138888","-39,9125",370,20/08/15,inmet_NE_BA_A448_CURACA_01-01-2024_A_31-12-2024_dados.csv
A450,NE,BA,JEREMOABO,"-10,08083332","-38,34583333",261,13/08/15,inmet_NE_BA_A450_JEREMOABO_01-01-2024_A_31-12-2024_dados.csv
A452,NE,BA,FORMOSA DO RIO PRETO,"-11,05222222","-45,20083333",488,02/06/16,inmet_NE_BA_A452_FORMOSA-DO-RIO-PRETO_01-01-2024_A_31-12-2024_dados.csv
A455,NE,BA,ITAMARAJU,"-17,00694444","-39,55805555",110,28/05/16,inmet_NE_BA_A455_ITAMARAJU_01-01-2024_A_31-12-2024_dados.csv
A456,NE,BA,SALVADOR (RADIO FAROL),"-12,80833333","-38,49583333",31,10/03/18,inmet_NE_BA_A456_SALVADOR-(RADIO-FAROL)_01-01-2024_A_31-12-2024_dados.csv
A458,NE,BA,RIBEIRA DO AMPARO,"-11,05861111","-38,44416666",182,20/09/18,inmet_NE_BA_A458_RIBEIRA-DO-AMPARO_01-01-2024_A_31-12-2024_dados.csv
A305,NE,CE,FORTALEZA,"-3,81583333","-38,53777777","29,55",18/02/03,inmet_NE_CE_A305_FORTALEZA_01-01-2024_A_31-12-2024_dados.csv
A306,NE,CE,SOBRAL,"-3,74805555","-40,34583333","92,07",12/02/03,inmet_NE_CE_A306_SOBRAL_01-01-2024_A_31-12-2024_dados.csv
A319,NE,CE,IGUATU,"-6,39638888","-39,26888888","221,56",30/05/07,inmet_NE_CE_A319_IGUATU_01-01-2024_A_31-12-2024_dados.csv
A325,NE,CE,QUIXERAMOBIM,"-5,17444443","-39,28944444","221,04",09/07/07,inmet_NE_CE_A325_QUIXERAMOBIM_01-01-2024_A_31-12-2024_dados.csv
A332,NE,CE,MORADA NOVA,"-5,0911111","-38,36472222",93,24/08/07,inmet_NE_CE_A332_MORADA-NOVA_01-01-2024_A_31-12-2024_dados.csv
A342,NE,CE,CRATEUS,"-5,18666666","-40,67222221","298,19",11/12/08,inmet_NE_CE_A342_CRATEUS_01-01-2024_A_31-12-2024_dados.csv
A360,NE,CE,ACARAU,"-3,1211111","-40,08722221","67,15",22/04/09,inmet_NE_CE_A360_ACARAU_01-01-2024_A_31-12-2024_dados.csv
A368,NE,CE,TIANGUA,"-3,73222221","-41,01194444",756,15/03/18,inmet_NE_CE_A368_TIANGUA_01-01-2024_A_31-12-2024_dados.csv
A369,NE,CE,QUIXADA,"-4,97888888","-39,05722222",193,20/03/18,inmet_NE_CE_A369_QUIXADA_01-01-2024_A_31-12-2024_dados.csv
A203,NE,MA,SAO LUIS,"-2,52666666","-44,21361111","54,8",29/01/03,inmet_NE_MA_A203_SAO-LUIS_01-01-2024_A_31-12-2024_dados.csv
A204,NE,MA,BALSAS,"-7,45555555","-46,02749999","271,03",26/10/07,inmet_NE_MA_A204_BALSAS_01-01-2024_A_31-12-2024_dados.csv
A205,NE,MA,CAROLINA,"-7,33722221","-47,45972222","182,88",04/12/07,inmet_NE_MA_A205_CAROLINA_01-01-2024_A_31-12-2024_dados.csv
A206,NE,MA,CHAPADINHA,"-3,74277777","-43,35222222",104,17/09/08,inmet_NE_MA_A206_CHAPADINHA_01-01-2024_A_31-12-2024_dados.csv
A207,NE,MA,GRAJAU,"-5,81611111","-46,16222222","232,29",10/09/08,inmet_NE_MA_A207_GRAJAU_01-01-2024_A_31-12-2024_dados.csv
A218,NE,MA,PREGUICAS,"-2,59222221","-42,7075","4,62",22/11/08,inmet_NE_MA_A218_PREGUICAS_01-01-2024_A_31-12-2024_dados.csv
A219,NE,MA,TURIACU,"-1,66111111","-45,37249999","35,86",10/06/08,inmet_NE_MA_A219_TURIACU_01-01-2024_A_31-12-2024_dados.csv
A220,NE,MA,BACABAL,"-4,24305555","-44,79499999","22,33",09/07/08,inmet_NE_MA_A220_BACABAL_01-01-2024_A_31-12-2024_dados.csv
A223,NE,MA,ALTO PARNAIBA,"-9,10833333","-45,93194443","283,69",03/06/08,inmet_NE_MA_A223_ALTO-PARNAIBA_01-01-2024_A_31-12-2024_dados.csv
A225,NE,MA,IMPERATRIZ,"-5,55583333","-47,45972222","117,96",01/03/08,inmet_NE_MA_A225_IMPERATRIZ_01-01-2024_A_31-12-2024_dados.csv
A237,NE,MA,CAXIAS,"-4,82138888","-43,3436111","84,85",13/07/08,inmet_NE_MA_A237_CAXIAS_01-01-2024_A_31-12-2024_dados.csv
A238,NE,MA,BURITICUPU,"-4,32055554","-46,44944444","174,91",11/09/08,inmet_NE_MA_A238_BURITICUPU_01-01-2024_A_31-12-2024_dados.csv
A255,NE,MA,ZE DOCA,"-3,26916666","-45,65111111","45,5",18/09/19,inmet_NE_MA_A255_ZE-DOCA_01-01-2024_A_31-12-2024_dados.csv
A310,NE,PB,AREIA,"-6,975451","-35,718128","573,45",16/11/04,inmet_NE_PB_A310_AREIA_01-01-2024_A_31-12-2024_dados.csv
A313,NE,PB,CAMPINA GRANDE,"-7,22555554","-35,90472222","546,17",22/12/06,inmet_NE_PB_A313_CAMPINA-GRANDE_01-01-2024_A_31-12-2024_dados.csv
A320,NE,PB,JOAO PESSOA,"-7,16527777","-34,81555555","33,5",21/07/07,inmet_NE_PB_A320_JOAO-PESSOA_01-01-2024_A_31-12-2024_dados.csv
A321,NE,PB,PATOS,"-7,07972221","-37,27277777","263,66",21/07/07,inmet_NE_PB_A321_PATOS_01-01-2024_A_31-12-2024_dados.csv
A333,NE,PB,SAO GONCALO,"-6,835777","-38,311583","237,04",06/11/07,inmet_NE_PB_A333_SAO-GONCALO_01-01-2024_A_31-12-2024_dados.csv
A334,NE,PB,MONTEIRO,"-7,89444444","-37,12472221","606,39",22/08/07,inmet_NE_PB_A334_MONTEIRO_01-01-2024_A_31-12-2024_dados.csv
A348,NE,PB,CABACEIRAS,"-7,48333333","-36,28638888","391,96",28/02/08,inmet_NE_PB_A348_CABACEIRAS_01-01-2024_A_31-12-2024_dados.csv
A352,NE,PB,CAMARATUBA,"-6,56194444","-35,13527777","135,51",04/05/08,inmet_NE_PB_A352_CAMARATUBA_01-01-2024_A_31-12-2024_dados.csv
A373,NE,PB,ITAPORANGA,"-7,31833332","-38,14083333",292,03/11/17,inmet_NE_PB_A373_ITAPORANGA_01-01-2024_A_31-12-2024_dados.csv
A307,NE,PE,PETROLINA,"-9,38833333","-40,52333332","372,72",21/02/03,inmet_NE_PE_A307_PETROLINA_01-01-2024_A_31-12-2024_dados.csv
A309,NE,PE,ARCO VERDE,"-8,4336111","-37,05555555","683,95",20/11/04,inmet_NE_PE_A309_ARCO-VERDE_01-01-2024_A_31-12-2024_dados.csv
A328,NE,PE,SURUBIM,"-7,83972221","-35,80111111","421,44",09/03/08,inmet_NE_PE_A328_SURUBIM_01-01-2024_A_31-12-2024_dados.csv
A329,NE,PE,CABROBO,"-8,50388888","-39,31527777","342,74",04/09/07,inmet_NE_PE_A329_CABROBO_01-01-2024_A_31-12-2024_dados.csv
A341,NE,PE,CARUARU,"-8,36527777","-36,02833332",852,21/11/07,inmet_NE_PE_A341_CARUARU_01-01-2024_A_31-12-2024_dados.csv
A349,NE,PE,IBIMIRIM,"-8,50944444","-37,71166666","434,23",14/10/08,inmet_NE_PE_A349_IBIMIRIM_01-01-2024_A_31-12-2024_dados.csv
A350,NE,PE,SERRA TALHADA,"-7,95416666","-38,29499999","499,02",09/07/08,inmet_NE_PE_A350_SERRA-TALHADA_01-01-2024_A_31-12-2024_dados.csv
A351,NE,PE,FLORESTA,"-8,59888888","-38,58416666","327,42",15/09/08,inmet_NE_PE_A351_FLORESTA_01-01-2024_A_31-12-2024_dados.csv
A357,NE,PE,PALMARES,"-8,66666666","-35,56805554","164,01",04/09/08,inmet_NE_PE_A357_PALMARES_01-01-2024_A_31-12-2024_dados.csv
A366,NE,PE,OURICURI,"-7,88583333","-40,10277777","457,85",11/08/10,inmet_NE_PE_A366_OURICURI_01-01-2024_A_31-12-2024_dados.csv
A370,NE,PE,SALGUEIRO,"-8,05805555","-39,0961111",447,15/09/17,inmet_NE_PE_A370_SALGUEIRO_01-01-2024_A_31-12-2024_dados.csv
A308,NE,PI,PARNAIBA,"-3,08666666","-41,78305554","52,11",06/02/03,inmet_NE_PI_A308_PARNAIBA_01-01-2024_A_31-12-2024_dados.csv
A311,NE,PI,FLORIANO,"-6,76138888","-43,00333333","126,39",18/11/04,inmet_NE_PI_A311_FLORIANO_01-01-2024_A_31-12-2024_dados.csv
A312,NE,PI,TERESINA,"-5,03472221","-42,80138888","75,23",24/11/04,inmet_NE_PI_A312_TERESINA_01-01-2024_A_31-12-2024_dados.csv
A326,NE,PI,BOM JESUS DO PIAUI,"-9,07999999","-44,32777777",288,17/07/07,inmet_NE_PI_A326_BOM-JESUS-DO-PIAUI_01-01-2024_A_31-12-2024_dados.csv
A330,NE,PI,PAULISTANA,"-8,132288","-41,142945",376,31/08/07,inmet_NE_PI_A330_PAULISTANA_01-01-2024_A_31-12-2024_dados.csv
A331,NE,PI,SAO JOAO DO PIAUI,"-8,36444444","-42,2525",231,26/08/07,inmet_NE_PI_A331_SAO-JOAO-DO-PIAUI_01-01-2024_A_31-12-2024_dados.csv
A335,NE,PI,PIRIPIRI,"-4,2761111","-41,79444444","157,89",31/08/07,inmet_NE_PI_A335_PIRIPIRI_01-01-2024_A_31-12-2024_dados.csv
A336,NE,PI,ALVORADA DO GURGUEIA,"-8,37638888","-43,85944444",225,17/11/07,inmet_NE_PI_A336_ALVORADA-DO-GURGUEIA_01-01-2024_A_31-12-2024_dados.csv
A337,NE,PI,CARACOL,"-9,28583333","-43,32444443","515,3",10/11/07,inmet_NE_PI_A337_CARACOL_01-01-2024_A_31-12-2024_dados.csv
A346,NE,PI,URUCUI,"-7,44138888","-44,34499999","398,83",06/03/08,inmet_NE_PI_A346_URUCUI_01-01-2024_A_31-12-2024_dados.csv
A354,NE,PI,OEIRAS,"-6,97416666","-42,14694444","154,03",22/07/08,inmet_NE_PI_A354_OEIRAS_01-01-2024_A_31-12-2024_dados.csv
A363,NE,PI,VALENCA DO PIAUI,"-6,4236111","-41,74888888",372,18/04/09,inmet_NE_PI_A363_VALENCA-DO-PIAUI_01-01-2024_A_31-12-2024_dados.csv
A364,NE,PI,GILBUES,"-9,87527777","-45,34583333","425,1",16/05/09,inmet_NE_PI_A364_GILBUES_01-01-2024_A_31-12-2024_dados.csv
A374,NE,PI,CORRENTE,"-10,42916666","-45,17305554",452,28/03/18,inmet_NE_PI_A374_CORRENTE_01-01-2024_A_31-12-2024_dados.csv
A304,NE,RN,NATAL,"-5,83722221","-35,20805555","47,46",24/02/03,inmet_NE_RN_A304_NATAL_01-01-2024_A_31-12-2024_dados.csv
A316,NE,RN,CAICO,"-6,46749999","-37,08499999","171,26",07/01/07,inmet_NE_RN_A316_CAICO_01-01-2024_A_31-12-2024_dados.csv
A318,NE,RN,MOSSORO,"-4,90416666","-37,36694443","29,44",22/05/07,inmet_NE_RN_A318_MOSSORO_01-01-2024_A_31-12-2024_dados.csv
A344,NE,RN,CALCANHAR,"-5,16","-35,48749999","9,82",08/05/08,inmet_NE_RN_A344_CALCANHAR_01-01-2024_A_31-12-2024_dados.csv
A367,NE,RN,SANTA CRUZ,"-6,22805554","-36,02666666","227,49",17/08/10,inmet_NE_RN_A367_SANTA-CRUZ_01-01-2024_A_31-12-2024_dados.csv
A372,NE,RN,IPANGUACU,"-5,53499999","-36,87222221",19,08/11/17,inmet_NE_RN_A372_IPANGUACU_01-01-2024_A_31-12-2024_dados.csv
A409,NE,SE,ARACAJU,"-10,9525","-37,05444444","3,72",12/02/03,inmet_NE_SE_A409_ARACAJU_01-01-2024_A_31-12-2024_dados.csv
A417,NE,SE,ITABAIANINHA,"-11,27249999","-37,79499999","204,8",23/05/07,inmet_NE_SE_A417_ITABAIANINHA_01-01-2024_A_31-12-2024_dados.csv
A421,NE,SE,BREJO GRANDE,"-10,47388888","-36,48194443","6,11",17/07/08,inmet_NE_SE_A421_BREJO-GRANDE_01-01-2024_A_31-12-2024_dados.csv
A453,NE,SE,NOSSA SENHORA DA GLORIA,"-10,20777777","-37,43194443",271,24/03/17,inmet_NE_SE_A453_NOSSA-SENHORA-DA-GLORIA_01-01-2024_A_31-12-2024_dados.csv
A104,N,AC,RIO BRANCO,"-9,95920402","-67,86898266",163,11/07/08,inmet_N_AC_A104_RIO-BRANCO_01-01-2024_A_31-12-2024_dados.csv
A108,N,AC,CRUZEIRO DO SUL,"-7,61055555","-72,6811111",220,14/05/15,inmet_N_AC_A108_CRUZEIRO-DO-SUL_01-01-2024_A_31-12-2024_dados.csv
A138,N,AC,FEIJO,"-8,14277777","-70,3436111","157,17",24/09/09,inmet_N_AC_A138_FEIJO_01-01-2024_A_31-12-2024_dados.csv
A140,N,AC,EPITACIOLANDIA,"-11,02388888","-68,73527777","224,5",25/09/09,inmet_N_AC_A140_EPITACIOLANDIA_01-01-2024_A_31-12-2024_dados.csv
A101,N,AM,MANAUS,"-3,10333333","-60,01638888","61,25",09/05/00,inmet_N_AM_A101_MANAUS_01-01-2024_A_31-12-2024_dados.csv
A110,N,AM,BOCA DO ACRE,"-8,77666666","-67,33249999","111,98",15/07/08,inmet_N_AM_A110_BOCA-DO-ACRE_01-01-2024_A_31-12-2024_dados.csv
A112,N,AM,HUMAITA,"-7,5525","-63,07138888","53,56",25/04/08,inmet_N_AM_A112_HUMAITA_01-01-2024_A_31-12-2024_dados.csv
A119,N,AM,MANACAPURU,"-3,29472221","-60,62833332","36,57",10/04/08,inmet_N_AM_A119_MANACAPURU_01-01-2024_A_31-12-2024_dados.csv
A125,N,AM,RIO URUBU,"-2,6336111","-59,60055555","112,84",26/06/08,inmet_N_AM_A125_RIO-URUBU_01-01-2024_A_31-12-2024_dados.csv
A128,N,AM,BARCELOS,"-,98722221","-62,92416666","29,88",19/04/08,inmet_N_AM_A128_BARCELOS_01-01-2024_A_31-12-2024_dados.csv
A133,N,AM,MANICORE,"-5,7886111","-61,28833333","40,64",12/12/11,inmet_N_AM_A133_MANICORE_01-01-2024_A_31-12-2024_dados.csv
A144,N,AM,NOVO ARIPUANA,"-8,0911111","-60,38055554",45,18/07/19,inmet_N_AM_A144_NOVO-ARIPUANA_01-01-2024_A_31-12-2024_dados.csv
A242,N,AP,OIAPOQUE,"3,81361111","-51,8625","15,14",11/09/08,inmet_N_AP_A242_OIAPOQUE_01-01-2024_A_31-12-2024_dados.csv
A244,N,AP,PORTO GRANDE,",69416666","-51,40388888","84,8",17/09/08,inmet_N_AP_A244_PORTO-GRANDE_01-01-2024_A_31-12-2024_dados.csv
A249,N,AP,MACAPA,",03499999","-51,08888888","16,62",12/12/13,inmet_N_AP_A249_MACAPA_01-01-2024_A_31-12-2024_dados.csv
A251,N,AP,ITAUBAL,",56777777","-50,8236111",21,24/08/17,inmet_N_AP_A251_ITAUBAL_01-01-2024_A_31-12-2024_dados.csv
A201,N,PA,BELEM,"-1,411228","-48,439512","21,17",20/01/03,inmet_N_PA_A201_BELEM_01-01-2024_A_31-12-2024_dados.csv
A202,N,PA,CASTANHAL,"-1,30083333","-47,94805555","47,13",24/01/03,inmet_N_PA_A202_CASTANHAL_01-01-2024_A_31-12-2024_dados.csv
A209,N,PA,MEDICILANDIA,"-3,51083333","-52,96333333","251,68",17/02/08,inmet_N_PA_A209_MEDICILANDIA_01-01-2024_A_31-12-2024_dados.csv
A210,N,PA,PACAJA,"-3,8436111","-50,63805555","89,02",27/02/08,inmet_N_PA_A210_PACAJA_01-01-2024_A_31-12-2024_dados.csv
A211,N,PA,PLACAS,"-3,86416666","-54,21638888","100,45",14/02/08,inmet_N_PA_A211_PLACAS_01-01-2024_A_31-12-2024_dados.csv
A212,N,PA,PARAGOMINAS,"-2,90055555","-47,49499999",88,18/10/07,inmet_N_PA_A212_PARAGOMINAS_01-01-2024_A_31-12-2024_dados.csv
A213,N,PA,TOME ACU,"-2,59249999","-48,36055555","42,95",14/10/07,inmet_N_PA_A213_TOME-ACU_01-01-2024_A_31-12-2024_dados.csv
A226,N,PA,BRAGANCA,"-1,05583333","-46,78277777","5,6",11/03/08,inmet_N_PA_A226_BRAGANCA_01-01-2024_A_31-12-2024_dados.csv
A231,N,PA,ITAITUBA,"-4,27694443","-55,99305555","24,46",17/02/08,inmet_N_PA_A231_ITAITUBA_01-01-2024_A_31-12-2024_dados.csv
A232,N,PA,OBIDOS,"-1,88083332","-55,51972221","89,64",05/07/12,inmet_N_PA_A232_OBIDOS_01-01-2024_A_31-12-2024_dados.csv
A235,N,PA,NOVO REPARTIMENTO,"-4,24388888","-49,93944444","100,76",23/07/08,inmet_N_PA_A235_NOVO-REPARTIMENTO_01-01-2024_A_31-12-2024_dados.csv
A239,N,PA,MONTE ALEGRE,-2,"-54,07638888","100,53",06/07/12,inmet_N_PA_A239_MONTE-ALEGRE_01-01-2024_A_31-12-2024_dados.csv
A245,N,PA,PORTO DE MOZ,"-1,82194443","-52,11166666",19,07/04/22,inmet_N_PA_A245_PORTO-DE-MOZ_01-01-2024_A_31-12-2024_dados.csv
A247,N,PA,XINGUARA,"-7,11055555","-49,9261111",245,11/09/16,inmet_N_PA_A247_XINGUARA_01-01-2024_A_31-12-2024_dados.csv
A248,N,PA,CAPITAO POCO,"-1,73472221","-47,0575","79,1",18/04/11,inmet_N_PA_A248_CAPITAO-POCO_01-01-2024_A_31-12-2024_dados.csv
A252,N,PA,DOM ELISEU,"-4,28055554","-47,56388888",251,08/03/18,inmet_N_PA_A252_DOM-ELISEU_01-01-2024_A_31-12-2024_dados.csv
A253,N,PA,ALTAMIRA,"-3,26999999","-52,39472221",191,25/10/18,inmet_N_PA_A253_ALTAMIRA_01-01-2024_A_31-12-2024_dados.csv
A254,N,PA,REDENCAO,"-8,04333333","-50,00694444",199,11/07/19,inmet_N_PA_A254_REDENCAO_01-01-2024_A_31-12-2024_dados.csv
A925,N,RO,PORTO VELHO,"-8,7936111","-63,84583333","86,7",11/07/07,inmet_N_RO_A925_PORTO-VELHO_01-01-2024_A_31-12-2024_dados.csv
A938,N,RO,VILHENA,"-12,73499999","-60,15777777","583,3",26/08/08,inmet_N_RO_A938_VILHENA_01-01-2024_A_31-12-2024_dados.csv
A939,N,RO,CACOAL,"-11,44583333","-61,43416666","183,53",20/07/08,inmet_N_RO_A939_CACOAL_01-01-2024_A_31-12-2024_dados.csv
A940,N,RO,ARIQUEMES,"-9,94888888","-62,96194444","128,44",18/07/08,inmet_N_RO_A940_ARIQUEMES_01-01-2024_A_31-12-2024_dados.csv
A135,N,RR,BOA VISTA,"2,81694443","-60,69083333","82,35",26/08/10,inmet_N_RR_A135_BOA-VISTA_01-01-2024_A_31-12-2024_dados.csv
A009,N,TO,PALMAS,"-10,14777777","-48,31444444",267,17/12/04,inmet_N_TO_A009_PALMAS_01-01-2024_A_31-12-2024_dados.csv
A010,N,TO,PARANA,"-12,615","-47,87194443","284,96",04/03/05,inmet_N_TO_A010_PARANA_01-01-2024_A_31-12-2024_dados.csv
A018,N,TO,PEIXE,"-12,01527777","-48,54444444","250,87",01/12/06,inmet_N_TO_A018_PEIXE_01-01-2024_A_31-12-2024_dados.csv
A019,N,TO,GURUPI,"-11,74499999","-49,05166666",274,20/12/06,inmet_N_TO_A019_GURUPI_01-01-2024_A_31-12-2024_dados.csv
A020,N,TO,PEDRO AFONSO,"-8,9686111","-48,17722221","189,71",23/01/07,inmet_N_TO_A020_PEDRO-AFONSO_01-01-2024_A_31-12-2024_dados.csv
A021,N,TO,ARAGUAINA,"-7,10388888","-48,20111111","230,76",26/01/07,inmet_N_TO_A021_ARAGUAINA_01-01-2024_A_31-12-2024_dados.csv
A039,N,TO,FORMOSO DO ARAGUAIA,"-11,88749999","-49,60833333","215,2",27/04/08,inmet_N_TO_A039_FORMOSO-DO-ARAGUAIA_01-01-2024_A_31-12-2024_dados.csv
A044,N,TO,ARAGUATINS,"-5,6436111","-48,11194444","130,71",12/03/09,inmet_N_TO_A044_ARAGUATINS_01-01-2024_A_31-12-2024_dados.csv
A048,N,TO,SANTA FE DO ARAGUAIA,"-7,124191","-48,781267",171,30/07/16,inmet_N_TO_A048_SANTA-FE-DO-ARAGUAIA_01-01-2024_A_31-12-2024_dados.csv
A049,N,TO,COLINAS DO TOCANTINS,"-8,092708","-48,478605",200,11/11/16,inmet_N_TO_A049_COLINAS-DO-TOCANTINS_01-01-2024_A_31-12-2024_dados.csv
A052,N,TO,SANTA ROSA DO TOCANTINS,"-11,42888888","-48,18499999",306,14/08/15,inmet_N_TO_A052_SANTA-ROSA-DO-TOCANTINS_01-01-2024_A_31-12-2024_dados.csv
A054,N,TO,ARAGUACU,"-12,59222221","-49,5286111",231,19/08/15,inmet_N_TO_A054_ARAGUACU_01-01-2024_A_31-12-2024_dados.csv
A612,SE,ES,VITORIA,"-20,27083332","-40,30583333",9,31/10/06,inmet_SE_ES_A612_VITORIA_01-01-2024_A_31-12-2024_dados.csv
A613,SE,ES,SANTA TERESA,"-19,98833333","-40,57944443","975,92",09/08/07,inmet_SE_ES_A613_SANTA-TERESA_01-01-2024_A_31-12-2024_dados.csv
A614,SE,ES,LINHARES,"-19,35694444","-40,0686111",40,27/10/06,inmet_SE_ES_A614_LINHARES_01-01-2024_A_31-12-2024_dados.csv
A615,SE,ES,ALFREDO CHAVES,"-20,63638888","-40,74194444","14,19",03/11/06,inmet_SE_ES_A615_ALFREDO-CHAVES_01-01-2024_A_31-12-2024_dados.csv
A616,SE,ES,SAO MATEUS,"-18,6761111","-39,86416666","28,66",25/10/06,inmet_SE_ES_A616_SAO-MATEUS_01-01-2024_A_31-12-2024_dados.csv
A617,SE,ES,ALEGRE,"-20,75055555","-41,48888888",138,25/10/06,inmet_SE_ES_A617_ALEGRE_01-01-2024_A_31-12-2024_dados.csv
A622,SE,ES,PRESIDENTE KENNEDY,"-21,10083333","-41,03944444","69,12",18/06/08,inmet_SE_ES_A622_PRESIDENTE-KENNEDY_01-01-2024_A_31-12-2024_dados.csv
A632,SE,ES,MARILANDIA,"-19,40722222","-40,53972221",95,22/03/17,inmet_SE_ES_A632_MARILANDIA_01-01-2024_A_31-12-2024_dados.csv
A633,SE,ES,VENDA NOVA DO IMIGRANTE,"-20,38555555","-41,18999999",722,10/02/17,inmet_SE_ES_A633_VENDA-NOVA-DO-IMIGRANTE_01-01-2024_A_31-12-2024_dados.csv
A634,SE,ES,VILA VELHA,"-20,46694443","-40,40388888",25,15/02/17,inmet_SE_ES_A634_VILA-VELHA_01-01-2024_A_31-12-2024_dados.csv
A657,SE,ES,AFONSO CLAUDIO,"-20,10416666","-41,10694444","507,48",24/09/11,inmet_SE_ES_A657_AFONSO-CLAUDIO_01-01-2024_A_31-12-2024_dados.csv
A502,SE,MG,BARBACENA,"-21,22833332","-43,76777777","1168,76",05/12/02,inmet_SE_MG_A502_BARBACENA_01-01-2024_A_31-12-2024_dados.csv
A505,SE,MG,ARAXA,"-19,60583333","-46,94972221","1018,32",19/12/02,inmet_SE_MG_A505_ARAXA_01-01-2024_A_31-12-2024_dados.csv
A506,SE,MG,MONTES CLAROS,"-16,68638888","-43,84388888","645,87",19/12/02,inmet_SE_MG_A506_MONTES-CLAROS_01-01-2024_A_31-12-2024_dados.csv
A507,SE,MG,UBERLANDIA,"-18,91694443","-48,25555555","874,77",18/12/02,inmet_SE_MG_A507_UBERLANDIA_01-01-2024_A_31-12-2024_dados.csv
A508,SE,MG,ALMENARA,"-16,16666666","-40,68777777","189,11",15/12/02,inmet_SE_MG_A508_ALMENARA_01-01-2024_A_31-12-2024_dados.csv
A509,SE,MG,MONTE VERDE,"-22,86166666","-46,04333333","1544,89",19/12/04,inmet_SE_MG_A509_MONTE-VERDE_01-01-2024_A_31-12-2024_dados.csv
A511,SE,MG,TIMOTEO,"-19,57388888","-42,62249999","493,42",22/02/06,inmet_SE_MG_A511_TIMOTEO_01-01-2024_A_31-12-2024_dados.csv
A512,SE,MG,ITUIUTABA,"-18,95277777","-49,52499999","540,08",12/05/06,inmet_SE_MG_A512_ITUIUTABA_01-01-2024_A_31-12-2024_dados.csv
A513,SE,MG,OURO BRANCO,"-20,55666666","-43,75611111","1048,2",28/07/06,inmet_SE_MG_A513_OURO-BRANCO_01-01-2024_A_31-12-2024_dados.csv
A514,SE,MG,SAO JOAO DEL REI,"-21,10638888","-44,25083333","929,88",09/06/06,inmet_SE_MG_A514_SAO-JOAO-DEL-REI_01-01-2024_A_31-12-2024_dados.csv
A515,SE,MG,VARGINHA,"-21,56638888","-45,40416666","949,78",13/07/06,inmet_SE_MG_A515_VARGINHA_01-01-2024_A_31-12-2024_dados.csv
A517,SE,MG,MURIAE,"-21,105","-42,37583332","282,79",30/08/06,inmet_SE_MG_A517_MURIAE_01-01-2024_A_31-12-2024_dados.csv
A518,SE,MG,JUIZ DE FORA,"-21,769965","-43,364329","936,88",26/05/07,inmet_SE_MG_A518_JUIZ-DE-FORA_01-01-2024_A_31-12-2024_dados.csv
A519,SE,MG,CAMPINA VERDE,"-19,53921","-49,518133","559,07",15/07/06,inmet_SE_MG_A519_CAMPINA-VERDE_01-01-2024_A_31-12-2024_dados.csv
A520,SE,MG,CONCEICAO DAS ALAGOAS,"-19,98583333","-48,15166666","572,54",18/07/06,inmet_SE_MG_A520_CONCEICAO-DAS-ALAGOAS_01-01-2024_A_31-12-2024_dados.csv
A521,SE,MG,BELO HORIZONTE (PAMPULHA),"-19,88388888","-43,96944443","854,02",10/10/06,inmet_SE_MG_A521_BELO-HORIZONTE-(PAMPULHA)_01-01-2024_A_31-12-2024_dados.csv
A522,SE,MG,SERRA DOS AIMORES,"-17,79888888","-40,25","211,97",21/08/06,inmet_SE_MG_A522_SERRA-DOS-AIMORES_01-01-2024_A_31-12-2024_dados.csv
A523,SE,MG,PATROCINIO,"-18,99666666","-46,98583333","978,11",22/08/06,inmet_SE_MG_A523_PATROCINIO_01-01-2024_A_31-12-2024_dados.csv
A525,SE,MG,SACRAMENTO,"-19,87527777","-47,43416666","913,12",19/08/06,inmet_SE_MG_A525_SACRAMENTO_01-01-2024_A_31-12-2024_dados.csv
A526,SE,MG,MONTALVANIA,"-14,40833333","-44,40416666","519,52",26/06/07,inmet_SE_MG_A526_MONTALVANIA_01-01-2024_A_31-12-2024_dados.csv
A527,SE,MG,TEOFILO OTONI,"-17,89277777","-41,51555555","467,17",25/08/06,inmet_SE_MG_A527_TEOFILO-OTONI_01-01-2024_A_31-12-2024_dados.csv
A528,SE,MG,TRES MARIAS,"-18,200855","-45,459836","931,01",25/08/06,inmet_SE_MG_A528_TRES-MARIAS_01-01-2024_A_31-12-2024_dados.csv
A529,SE,MG,PASSA QUATRO,"-22,39583333","-44,96194444","1017,1",30/05/07,inmet_SE_MG_A529_PASSA-QUATRO_01-01-2024_A_31-12-2024_dados.csv
A530,SE,MG,CALDAS,"-21,918066","-46,382996","1077,34",28/11/06,inmet_SE_MG_A530_CALDAS_01-01-2024_A_31-12-2024_dados.csv
A531,SE,MG,MARIA DA FE,"-22,31444444","-45,37305554","1281,43",01/12/06,inmet_SE_MG_A531_MARIA-DA-FE_01-01-2024_A_31-12-2024_dados.csv
A532,SE,MG,GOVERNADOR VALADARES,"-18,830354","-41,977007","198,24",27/05/07,inmet_SE_MG_A532_GOVERNADOR-VALADARES_01-01-2024_A_31-12-2024_dados.csv
A534,SE,MG,AIMORES,"-19,53277777","-41,09083333",301,05/08/07,inmet_SE_MG_A534_AIMORES_01-01-2024_A_31-12-2024_dados.csv
A535,SE,MG,FLORESTAL,"-19,88527777","-44,41694443","753,5",27/06/08,inmet_SE_MG_A535_FLORESTAL_01-01-2024_A_31-12-2024_dados.csv
A536,SE,MG,DORES DO INDAIA,"-19,48194443","-45,59388888","721,09",01/06/07,inmet_SE_MG_A536_DORES-DO-INDAIA_01-01-2024_A_31-12-2024_dados.csv
A538,SE,MG,CURVELO,"-18,74777777","-44,45388888","669,48",18/12/06,inmet_SE_MG_A538_CURVELO_01-01-2024_A_31-12-2024_dados.csv
A544,SE,MG,BURITIS,"-15,52416666","-46,43555555",894,19/06/07,inmet_SE_MG_A544_BURITIS_01-01-2024_A_31-12-2024_dados.csv
A545,SE,MG,PIRAPORA,"-17,258064","-44,835556","505,32",04/07/07,inmet_SE_MG_A545_PIRAPORA_01-01-2024_A_31-12-2024_dados.csv
A546,SE,MG,GUARDA-MOR,"-17,56138888","-47,19916666","997,01",11/07/07,inmet_SE_MG_A546_GUARDA-MOR_01-01-2024_A_31-12-2024_dados.csv
A550,SE,MG,ITAOBIM,"-16,57555554","-41,48555555","271,63",05/09/07,inmet_SE_MG_A550_ITAOBIM_01-01-2024_A_31-12-2024_dados.csv
A552,SE,MG,SALINAS,"-16,16027777","-42,31027777","487,14",14/09/07,inmet_SE_MG_A552_SALINAS_01-01-2024_A_31-12-2024_dados.csv
A553,SE,MG,JOAO PINHEIRO,"-17,78444444","-46,11944443","877,05",07/07/07,inmet_SE_MG_A553_JOAO-PINHEIRO_01-01-2024_A_31-12-2024_dados.csv
A554,SE,MG,CARATINGA,"-19,73583333","-42,13722221","609,25",24/05/07,inmet_SE_MG_A554_CARATINGA_01-01-2024_A_31-12-2024_dados.csv
A555,SE,MG,IBIRITE (ROLA MOCA),"-20,03138888","-44,01111111","1198,82",06/06/08,inmet_SE_MG_A555_IBIRITE-(ROLA-MOCA)_01-01-2024_A_31-12-2024_dados.csv
A557,SE,MG,CORONEL PACHECO,"-21,54666666","-43,26111111","411,14",17/10/12,inmet_SE_MG_A557_CORONEL-PACHECO_01-01-2024_A_31-12-2024_dados.csv
A560,SE,MG,POMPEU,"-19,23249999","-44,96416666",705,21/08/15,inmet_SE_MG_A560_POMPEU_01-01-2024_A_31-12-2024_dados.csv
A562,SE,MG,PATOS DE MINAS,"-18,52055554","-46,44055555",950,12/05/17,inmet_SE_MG_A562_PATOS-DE-MINAS_01-01-2024_A_31-12-2024_dados.csv
A563,SE,MG,NOVA PORTEIRINHA (JANAUBA),"-15,80277777","-43,29694444",532,19/11/16,inmet_SE_MG_A563_NOVA-PORTEIRINHA-(JANAUBA)_01-01-2024_A_31-12-2024_dados.csv
A564,SE,MG,DIVINOPOLIS,"-20,17333332","-44,87499999",796,26/10/17,inmet_SE_MG_A564_DIVINOPOLIS_01-01-2024_A_31-12-2024_dados.csv
A565,SE,MG,BAMBUI,"-20,0311111","-46,00888888",697,23/11/16,inmet_SE_MG_A565_BAMBUI_01-01-2024_A_31-12-2024_dados.csv
A566,SE,MG,ARACUAI,"-16,84888888","-42,03527777",308,19/05/17,inmet_SE_MG_A566_ARACUAI_01-01-2024_A_31-12-2024_dados.csv
A567,SE,MG,MACHADO,"-21,68083332","-45,94444444",969,21/07/17,inmet_SE_MG_A567_MACHADO_01-01-2024_A_31-12-2024_dados.csv
A568,SE,MG,UBERABA,"-19,71","-47,96194444",778,19/05/17,inmet_SE_MG_A568_UBERABA_01-01-2024_A_31-12-2024_dados.csv
A569,SE,MG,SETE LAGOAS,"-19,45527777","-44,17333332",719,10/06/16,inmet_SE_MG_A569_SETE-LAGOAS_01-01-2024_A_31-12-2024_dados.csv
A570,SE,MG,OLIVEIRA,"-20,715","-44,86444444",1025,19/10/17,inmet_SE_MG_A570_OLIVEIRA_01-01-2024_A_31-12-2024_dados.csv
A571,SE,MG,PARACATU,"-17,24444444","-46,88166666",705,16/03/18,inmet_SE_MG_A571_PARACATU_01-01-2024_A_31-12-2024_dados.csv
F501,SE,MG,BELO HORIZONTE - CERCADINHO,"-19,97999999","-43,95861111","1199,55",27/12/13,inmet_SE_MG_F501_BELO-HORIZONTE---CERCADINHO_01-01-2024_A_31-12-2024_dados.csv
A601,SE,RJ,SEROPEDICA-ECOLOGIA AGRICOLA,"-22,75777777","-43,68472221",35,24/05/00,inmet_SE_RJ_A601_SEROPEDICA-ECOLOGIA-AGRICOLA_01-01-2024_A_31-12-2024_dados.csv
A602,SE,RJ,RIO DE JANEIRO-MARAMBAIA,"-23,05027777","-43,59555555",12,08/11/02,inmet_SE_RJ_A602_RIO-DE-JANEIRO-MARAMBAIA_01-01-2024_A_31-12-2024_dados.csv
A603,SE,RJ,DUQUE DE CAXIAS - XEREM,"-22,58972221","-43,28222221",22,21/10/02,inmet_SE_RJ_A603_DUQUE-DE-CAXIAS---XEREM_01-01-2024_A_31-12-2024_dados.csv
A604,SE,RJ,CAMBUCI,"-21,58749999","-41,95833333",46,20/11/02,inmet_SE_RJ_A604_CAMBUCI_01-01-2024_A_31-12-2024_dados.csv
A607,SE,RJ,CAMPOS DOS GOYTACAZES,"-21,71472222","-41,34388888",17,25/09/06,inmet_SE_RJ_A607_CAMPOS-DOS-GOYTACAZES_01-01-2024_A_31-12-2024_dados.csv
A608,SE,RJ,MACAE,"-22,3761111","-41,81194444",28,22/09/06,inmet_SE_RJ_A608_MACAE_01-01-2024_A_31-12-2024_dados.csv
A609,SE,RJ,RESENDE,"-22,45138888","-44,44499999","438,83",29/09/06,inmet_SE_RJ_A609_RESENDE_01-01-2024_A_31-12-2024_dados.csv
A610,SE,RJ,PICO DO COUTO,"-22,46472222","-43,29138888",1777,22/10/06,inmet_SE_RJ_A610_PICO-DO-COUTO_01-01-2024_A_31-12-2024_dados.csv
A611,SE,RJ,VALENCA,"-22,35805555","-43,69555555",370,27/09/06,inmet_SE_RJ_A611_VALENCA_01-01-2024_A_31-12-2024_dados.csv
A618,SE,RJ,TERESOPOLIS-PARQUE NACIONAL,"-22,4486111","-42,98694444",981,01/11/06,inmet_SE_RJ_A618_TERESOPOLIS-PARQUE-NACIONAL_01-01-2024_A_31-12-2024_dados.csv
A619,SE,RJ,PARATY,"-23,2236111","-44,72694443",3,19/11/06,inmet_SE_RJ_A619_PARATY_01-01-2024_A_31-12-2024_dados.csv
A621,SE,RJ,RIO DE JANEIRO - VILA MILITAR,"-22,86138888","-43,41138888","30,43",13/04/07,inmet_SE_RJ_A621_RIO-DE-JANEIRO---VILA-MILITAR_01-01-2024_A_31-12-2024_dados.csv
A624,SE,RJ,NOVA FRIBURGO - SALINAS,"-22,33472221","-42,67694443",1070,18/09/10,inmet_SE_RJ_A624_NOVA-FRIBURGO---SALINAS_01-01-2024_A_31-12-2024_dados.csv
A625,SE,RJ,TRES RIOS,"-22,09833333","-43,20833333",295,08/06/16,inmet_SE_RJ_A625_TRES-RIOS_01-01-2024_A_31-12-2024_dados.csv
A626,SE,RJ,RIO CLARO,"-22,653579","-44,040916",516,03/06/16,inmet_SE_RJ_A626_RIO-CLARO_01-01-2024_A_31-12-2024_dados.csv
A627,SE,RJ,NITEROI,"-22,86749999","-43,10194444",6,13/07/18,inmet_SE_RJ_A627_NITEROI_01-01-2024_A_31-12-2024_dados.csv
A628,SE,RJ,ANGRA DOS REIS,"-22,97555554","-44,30333333",6,25/08/17,inmet_SE_RJ_A628_ANGRA-DOS-REIS_01-01-2024_A_31-12-2024_dados.csv
A629,SE,RJ,CARMO,"-21,9386111","-42,60083333",293,11/10/18,inmet_SE_RJ_A629_CARMO_01-01-2024_A_31-12-2024_dados.csv
A630,SE,RJ,SANTA MARIA MADALENA,"-21,95055555","-42,01027777",586,16/10/18,inmet_SE_RJ_A630_SANTA-MARIA-MADALENA_01-01-2024_A_31-12-2024_dados.csv
A636,SE,RJ,RIO DE JANEIRO - JACAREPAGUA,"-22,93999999","-43,40277777",20,10/08/17,inmet_SE_RJ_A636_RIO-DE-JANEIRO---JACAREPAGUA_01-01-2024_A_31-12-2024_dados.csv
A637,SE,RJ,Paty do Alferes - Avelar,"-22,34722221","-43,41777777",508,10/11/22,inmet_SE_RJ_A637_Paty-do-Alferes---Avelar_01-01-2024_A_31-12-2024_dados.csv
A652,SE,RJ,RIO DE JANEIRO - FORTE DE COPACABANA,"-22,98833333","-43,19055555","25,59",18/05/07,inmet_SE_RJ_A652_RIO-DE-JANEIRO---FORTE-DE-COPACABANA_01-01-2024_A_31-12-2024_dados.csv
A659,SE,RJ,SILVA JARDIM,"-22,64583333","-42,41555555",19,28/08/15,inmet_SE_RJ_A659_SILVA-JARDIM_01-01-2024_A_31-12-2024_dados.csv
A667,SE,RJ,SAQUAREMA - SAMPAIO CORREIA,"-22,8711111","-42,60888888",26,02/09/15,inmet_SE_RJ_A667_SAQUAREMA---SAMPAIO-CORREIA_01-01-2024_A_31-12-2024_dados.csv
A701,SE,SP,SAO PAULO - MIRANTE,"-23,49638888","-46,61999999","785,64",25/07/06,inmet_SE_SP_A701_SAO-PAULO---MIRANTE_01-01-2024_A_31-12-2024_dados.csv
A706,SE,SP,CAMPOS DO JORDAO,"-22,75027777","-45,60388888","1662,95",13/03/02,inmet_SE_SP_A706_CAMPOS-DO-JORDAO_01-01-2024_A_31-12-2024_dados.csv
A712,SE,SP,IGUAPE,"-24,67166666","-47,54583333","2,7",20/07/06,inmet_SE_SP_A712_IGUAPE_01-01-2024_A_31-12-2024_dados.csv
A716,SE,SP,OURINHOS,"-23,00055555","-49,84333333",500,29/08/06,inmet_SE_SP_A716_OURINHOS_01-01-2024_A_31-12-2024_dados.csv
A727,SE,SP,LINS,"-21,66611111","-49,73472221","460,65",20/09/06,inmet_SE_SP_A727_LINS_01-01-2024_A_31-12-2024_dados.csv
A728,SE,SP,TAUBATE,"-23,04166666","-45,52083332","582,26",20/12/06,inmet_SE_SP_A728_TAUBATE_01-01-2024_A_31-12-2024_dados.csv
A733,SE,SP,JALES,"-20,165","-50,59499999","460,44",22/08/07,inmet_SE_SP_A733_JALES_01-01-2024_A_31-12-2024_dados.csv
A736,SE,SP,ARIRANHA,"-21,13305554","-48,84055555","525,44",13/11/07,inmet_SE_SP_A736_ARIRANHA_01-01-2024_A_31-12-2024_dados.csv
A739,SE,SP,ITAPIRA,"-22,415","-46,80527777","634,89",05/11/07,inmet_SE_SP_A739_ITAPIRA_01-01-2024_A_31-12-2024_dados.csv
A740,SE,SP,SAO LUIZ DO PARAITINGA,"-23,22833332","-45,41694443",874,01/11/07,inmet_SE_SP_A740_SAO-LUIZ-DO-PARAITINGA_01-01-2024_A_31-12-2024_dados.csv
A744,SE,SP,BRAGANCA PAULISTA,"-22,94916666","-46,5261111",891,20/12/17,inmet_SE_SP_A744_BRAGANCA-PAULISTA_01-01-2024_A_31-12-2024_dados.csv
A746,SE,SP,BARRA DO TURVO,"-24,96277777","-48,41638888","659,89",03/07/08,inmet_SE_SP_A746_BARRA-DO-TURVO_01-01-2024_A_31-12-2024_dados.csv
A748,SE,SP,BARRETOS,"-20,55916666","-48,54499999","534,36",19/06/10,inmet_SE_SP_A748_BARRETOS_01-01-2024_A_31-12-2024_dados.csv
A753,SE,SP,ITUVERAVA,"-20,35972222","-47,77527777","610,58",17/07/08,inmet_SE_SP_A753_ITUVERAVA_01-01-2024_A_31-12-2024_dados.csv
A762,SE,SP,DRACENA,"-21,45777777","-51,55222222",383,03/11/16,inmet_SE_SP_A762_DRACENA_01-01-2024_A_31-12-2024_dados.csv
A763,SE,SP,MARILIA,"-22,23527777","-49,965",660,15/05/17,inmet_SE_SP_A763_MARILIA_01-01-2024_A_31-12-2024_dados.csv
A766,SE,SP,REGISTRO,"-24,53305554","-47,86416666",35,09/02/17,inmet_SE_SP_A766_REGISTRO_01-01-2024_A_31-12-2024_dados.csv
A769,SE,SP,CACHOEIRA PAULISTA,"-22,68888888","-45,00555555",586,20/10/17,inmet_SE_SP_A769_CACHOEIRA-PAULISTA_01-01-2024_A_31-12-2024_dados.csv
A771,SE,SP,SAO PAULO - INTERLAGOS,"-23,72444443","-46,67749999",771,14/03/18,inmet_SE_SP_A771_SAO-PAULO---INTERLAGOS_01-01-2024_A_31-12-2024_dados.csv
A807,S,PR,CURITIBA,"-25,4486111","-49,23055554","922,91",28/01/03,inmet_S_PR_A807_CURITIBA_01-01-2024_A_31-12-2024_dados.csv
A818,S,PR,IVAI,"-25,01083333","-50,85388888","803,58",11/07/06,inmet_S_PR_A818_IVAI_01-01-2024_A_31-12-2024_dados.csv
A819,S,PR,CASTRO,"-24,77999999","-50,04638888",1016,09/07/06,inmet_S_PR_A819_CASTRO_01-01-2024_A_31-12-2024_dados.csv
A820,S,PR,MAL. CANDIDO RONDON,"-24,53333333","-54,01916666","392,07",18/11/06,inmet_S_PR_A820_MAL.-CANDIDO-RONDON_01-01-2024_A_31-12-2024_dados.csv
A821,S,PR,JOAQUIM TAVORA,"-23,50527777","-49,94638888","512,67",23/11/06,inmet_S_PR_A821_JOAQUIM-TAVORA_01-01-2024_A_31-12-2024_dados.csv
A822,S,PR,NOVA TEBAS,"-24,43388888","-51,95388888",660,21/12/06,inmet_S_PR_A822_NOVA-TEBAS_01-01-2024_A_31-12-2024_dados.csv
A823,S,PR,INACIO MARTINS,"-25,567879","-51,077946","1208,85",16/10/06,inmet_S_PR_A823_INACIO-MARTINS_01-01-2024_A_31-12-2024_dados.csv
A825,S,PR,GOIOERE,"-24,18388888","-53,04888888",481,19/10/06,inmet_S_PR_A825_GOIOERE_01-01-2024_A_31-12-2024_dados.csv
A835,S,PR,MARINGA,"-23,40527777","-51,93277777","548,51",21/11/06,inmet_S_PR_A835_MARINGA_01-01-2024_A_31-12-2024_dados.csv
A842,S,PR,NOVA FATIMA,"-23,41527777","-50,57777777","664,31",08/02/07,inmet_S_PR_A842_NOVA-FATIMA_01-01-2024_A_31-12-2024_dados.csv
A843,S,PR,DOIS VIZINHOS,"-25,69916666","-53,09527777","545,95",29/03/07,inmet_S_PR_A843_DOIS-VIZINHOS_01-01-2024_A_31-12-2024_dados.csv
A849,S,PR,DIAMANTE DO NORTE,"-22,63944444","-52,89027777","368,22",06/03/08,inmet_S_PR_A849_DIAMANTE-DO-NORTE_01-01-2024_A_31-12-2024_dados.csv
A850,S,PR,PARANAPOEMA,"-22,65833333","-52,13444444","308,7",04/03/08,inmet_S_PR_A850_PARANAPOEMA_01-01-2024_A_31-12-2024_dados.csv
A855,S,PR,PLANALTO,"-25,72194443","-53,74805555","399,1",07/11/07,inmet_S_PR_A855_PLANALTO_01-01-2024_A_31-12-2024_dados.csv
A869,S,PR,CIDADE GAUCHA,"-23,35916666","-52,93194443","365,79",11/03/08,inmet_S_PR_A869_CIDADE-GAUCHA_01-01-2024_A_31-12-2024_dados.csv
A871,S,PR,JAPIRA,"-23,77333332","-50,18055554","692,88",29/02/08,inmet_S_PR_A871_JAPIRA_01-01-2024_A_31-12-2024_dados.csv
A872,S,PR,VENTANIA,"-24,28027777","-50,21027777","1093,41",15/04/11,inmet_S_PR_A872_VENTANIA_01-01-2024_A_31-12-2024_dados.csv
A873,S,PR,MORRETES,"-25,50888888","-48,80861111","50,31",13/03/08,inmet_S_PR_A873_MORRETES_01-01-2024_A_31-12-2024_dados.csv
A874,S,PR,SAO MATEUS DO SUL,"-25,83555555","-50,36888888","780,21",17/04/11,inmet_S_PR_A874_SAO-MATEUS-DO-SUL_01-01-2024_A_31-12-2024_dados.csv
A875,S,PR,GENERAL CARNEIRO,"-26,3986111","-51,35361111","1009,01",30/04/08,inmet_S_PR_A875_GENERAL-CARNEIRO_01-01-2024_A_31-12-2024_dados.csv
A876,S,PR,CLEVELANDIA,"-26,41722221","-52,3486111","966,06",15/05/08,inmet_S_PR_A876_CLEVELANDIA_01-01-2024_A_31-12-2024_dados.csv
B803,S,PR,CAMPINA DA LAGOA,"-24,57083332","-52,80027777",598,04/08/16,inmet_S_PR_B803_CAMPINA-DA-LAGOA_01-01-2024_A_31-12-2024_dados.csv
B804,S,PR,LARANJEIRAS DO SUL,"-25,37138888","-52,40083333",889,07/08/16,inmet_S_PR_B804_LARANJEIRAS-DO-SUL_01-01-2024_A_31-12-2024_dados.csv
B806,S,PR,COLOMBO,"-25,322464","-49,157733",950,01/06/16,inmet_S_PR_B806_COLOMBO_01-01-2024_A_31-12-2024_dados.csv
A801,S,RS,PORTO ALEGRE - JARDIM BOTANICO,"-30,05361111","-51,17472221","41,18",22/09/00,inmet_S_RS_A801_PORTO-ALEGRE---JARDIM-BOTANICO_01-01-2024_A_31-12-2024_dados.csv
A802,S,RS,RIO GRANDE,"-32,07888888","-52,16777777","4,92",16/11/01,inmet_S_RS_A802_RIO-GRANDE_01-01-2024_A_31-12-2024_dados.csv
A803,S,RS,SANTA MARIA,"-29,72499999","-53,72055554","103,1",26/11/01,inmet_S_RS_A803_SANTA-MARIA_01-01-2024_A_31-12-2024_dados.csv
A804,S,RS,SANTANA DO LIVRAMENTO,"-30,75055555","-55,40138888",196,22/11/01,inmet_S_RS_A804_SANTANA-DO-LIVRAMENTO_01-01-2024_A_31-12-2024_dados.csv
A805,S,RS,SANTO AUGUSTO,"-27,85444444","-53,7911111","489,67",05/12/01,inmet_S_RS_A805_SANTO-AUGUSTO_01-01-2024_A_31-12-2024_dados.csv
A809,S,RS,URUGUAIANA,"-29,83999999","-57,08194443","74,29",28/09/06,inmet_S_RS_A809_URUGUAIANA_01-01-2024_A_31-12-2024_dados.csv
A810,S,RS,SANTA ROSA,"-27,89055555","-54,47999999","272,84",15/11/06,inmet_S_RS_A810_SANTA-ROSA_01-01-2024_A_31-12-2024_dados.csv
A811,S,RS,CANGUCU,"-31,40333333","-52,70083333","446,81",24/01/07,inmet_S_RS_A811_CANGUCU_01-01-2024_A_31-12-2024_dados.csv
A812,S,RS,CACAPAVA DO SUL,"-30,54527777","-53,46694443","420,82",22/06/06,inmet_S_RS_A812_CACAPAVA-DO-SUL_01-01-2024_A_31-12-2024_dados.csv
A813,S,RS,RIO PARDO,"-29,87222221","-52,38194443","106,99",30/09/06,inmet_S_RS_A813_RIO-PARDO_01-01-2024_A_31-12-2024_dados.csv
A826,S,RS,ALEGRETE,"-29,70916666","-55,52555554","120,88",28/09/06,inmet_S_RS_A826_ALEGRETE_01-01-2024_A_31-12-2024_dados.csv
A827,S,RS,BAGE,"-31,34777777","-54,01333333","226,19",04/01/07,inmet_S_RS_A827_BAGE_01-01-2024_A_31-12-2024_dados.csv
A828,S,RS,ERECHIM,"-27,65777777","-52,30583333","777,08",25/11/06,inmet_S_RS_A828_ERECHIM_01-01-2024_A_31-12-2024_dados.csv
A829,S,RS,SAO JOSE DOS AUSENTES,"-28,7486111","-50,05777777","1228,59",26/10/06,inmet_S_RS_A829_SAO-JOSE-DOS-AUSENTES_01-01-2024_A_31-12-2024_dados.csv
A830,S,RS,SAO BORJA,"-28,65","-56,01638888","81,08",21/07/07,inmet_S_RS_A830_SAO-BORJA_01-01-2024_A_31-12-2024_dados.csv
A831,S,RS,QUARAI,"-30,368578","-56,437115","113,05",17/10/07,inmet_S_RS_A831_QUARAI_01-01-2024_A_31-12-2024_dados.csv
A832,S,RS,SAO GABRIEL,"-30,34138888","-54,31083333","114,89",11/07/07,inmet_S_RS_A832_SAO-GABRIEL_01-01-2024_A_31-12-2024_dados.csv
A833,S,RS,SANTIAGO,"-29,191599","-54,885653","390,03",04/02/09,inmet_S_RS_A833_SANTIAGO_01-01-2024_A_31-12-2024_dados.csv
A834,S,RS,TRAMANDAI,"-30,01027777","-50,13583333","4,56",09/03/08,inmet_S_RS_A834_TRAMANDAI_01-01-2024_A_31-12-2024_dados.csv
A836,S,RS,JAGUARAO,"-32,53472221","-53,37583332","31,48",09/01/07,inmet_S_RS_A836_JAGUARAO_01-01-2024_A_31-12-2024_dados.csv
A837,S,RS,SOLEDADE,"-28,859211","-52,542387","660,44",01/03/08,inmet_S_RS_A837_SOLEDADE_01-01-2024_A_31-12-2024_dados.csv
A838,S,RS,CAMAQUA,"-30,80805555","-51,83416666","92,3",12/12/06,inmet_S_RS_A838_CAMAQUA_01-01-2024_A_31-12-2024_dados.csv
A839,S,RS,PASSO FUNDO,"-28,22666666","-52,40361111","680,67",27/11/06,inmet_S_RS_A839_PASSO-FUNDO_01-01-2024_A_31-12-2024_dados.csv
A840,S,RS,BENTO GONCALVES,"-29,164581","-51,534202","623,27",01/12/06,inmet_S_RS_A840_BENTO-GONCALVES_01-01-2024_A_31-12-2024_dados.csv
A844,S,RS,LAGOA VERMELHA,"-28,222381","-51,512845","833,83",02/03/07,inmet_S_RS_A844_LAGOA-VERMELHA_01-01-2024_A_31-12-2024_dados.csv
A852,S,RS,SAO LUIZ GONZAGA,"-28,41722221","-54,9625","245,5",25/07/07,inmet_S_RS_A852_SAO-LUIZ-GONZAGA_01-01-2024_A_31-12-2024_dados.csv
A853,S,RS,CRUZ ALTA,"-28,60344","-53,673597","426,69",31/05/07,inmet_S_RS_A853_CRUZ-ALTA_01-01-2024_A_31-12-2024_dados.csv
A854,S,RS,FREDERICO WESTPHALEN,"-27,39555555","-53,42944443","489,42",14/12/07,inmet_S_RS_A854_FREDERICO-WESTPHALEN_01-01-2024_A_31-12-2024_dados.csv
A856,S,RS,PALMEIRA DAS MISSOES,"-27,92027777","-53,31805554","614,11",26/02/08,inmet_S_RS_A856_PALMEIRA-DAS-MISSOES_01-01-2024_A_31-12-2024_dados.csv
A880,S,RS,VACARIA,"-28,51361111","-50,88277777","969,89",26/04/08,inmet_S_RS_A880_VACARIA_01-01-2024_A_31-12-2024_dados.csv
A881,S,RS,DOM PEDRITO,"-31,0025","-54,61805554",150,23/04/10,inmet_S_RS_A881_DOM-PEDRITO_01-01-2024_A_31-12-2024_dados.csv
A882,S,RS,TEUTONIA,"-29,44916666","-51,82333332",81,04/10/12,inmet_S_RS_A882_TEUTONIA_01-01-2024_A_31-12-2024_dados.csv
A883,S,RS,IBIRUBA,"-28,65333333","-53,11194444","455,27",13/12/12,inmet_S_RS_A883_IBIRUBA_01-01-2024_A_31-12-2024_dados.csv
A884,S,RS,CAMPO BOM,"-29,674293","-51,064042","23,35",29/11/13,inmet_S_RS_A884_CAMPO-BOM_01-01-2024_A_31-12-2024_dados.csv
A886,S,RS,TUPANCIRETA,"-29,08944444","-53,82666666",462,11/08/16,inmet_S_RS_A886_TUPANCIRETA_01-01-2024_A_31-12-2024_dados.csv
A887,S,RS,CAPAO DO LEAO (PELOTAS),"-31,8025","-52,40722222",13,18/07/19,inmet_S_RS_A887_CAPAO-DO-LEAO-(PELOTAS)_01-01-2024_A_31-12-2024_dados.csv
A889,S,RS,SAO VICENTE DO SUL,"-29,70222222","-54,69444444",134,06/04/16,inmet_S_RS_A889_SAO-VICENTE-DO-SUL_01-01-2024_A_31-12-2024_dados.csv
A893,S,RS,ENCRUZILHADA DO SUL,"-30,54305555","-52,52472221","427,75",15/03/18,inmet_S_RS_A893_ENCRUZILHADA-DO-SUL_01-01-2024_A_31-12-2024_dados.csv
A894,S,RS,SERAFINA CORREA,"-28,70472222","-51,87083332","485,29",01/04/16,inmet_S_RS_A894_SERAFINA-CORREA_01-01-2024_A_31-12-2024_dados.csv
A899,S,RS,Santa Vitoria do Palmar - Barra do Chui,"-33,74222221","-53,37222221","7,41",08/03/08,inmet_S_RS_A899_Santa-Vitoria-do-Palmar---Barra-do-Chui_01-01-2024_A_31-12-2024_dados.csv
A806,S,SC,FLORIANOPOLIS,"-27,6025","-48,61999999","4,87",22/01/03,inmet_S_SC_A806_FLORIANOPOLIS_01-01-2024_A_31-12-2024_dados.csv
A814,S,SC,URUSSANGA,"-28,53249999","-49,31527777","40,56",29/05/08,inmet_S_SC_A814_URUSSANGA_01-01-2024_A_31-12-2024_dados.csv
A816,S,SC,NOVO HORIZONTE,"-26,40638888","-52,85027777","943,57",20/09/08,inmet_S_SC_A816_NOVO-HORIZONTE_01-01-2024_A_31-12-2024_dados.csv
A817,S,SC,INDAIAL,"-26,91361111","-49,26805554","72,24",02/07/06,inmet_S_SC_A817_INDAIAL_01-01-2024_A_31-12-2024_dados.csv
A841,S,SC,JOACABA,"-27,16916666","-51,55888888","767,63",20/09/07,inmet_S_SC_A841_JOACABA_01-01-2024_A_31-12-2024_dados.csv
A845,S,SC,BOM JARDIM DA SERRA - MORRO DA IGREJA,"-28,12694443","-49,47972221","1790,38",17/06/07,inmet_S_SC_A845_BOM-JARDIM-DA-SERRA---MORRO-DA-IGREJA_01-01-2024_A_31-12-2024_dados.csv
A848,S,SC,DIONISIO CERQUEIRA,"-26,286562","-53,633114","807,54",31/05/08,inmet_S_SC_A848_DIONISIO-CERQUEIRA_01-01-2024_A_31-12-2024_dados.csv
A851,S,SC,ITAPOA,"-26,08138888","-48,64166666","6,18",06/06/07,inmet_S_SC_A851_ITAPOA_01-01-2024_A_31-12-2024_dados.csv
A857,S,SC,SAO MIGUEL DO OESTE,"-26,78638888","-53,51416666",647,12/03/08,inmet_S_SC_A857_SAO-MIGUEL-DO-OESTE_01-01-2024_A_31-12-2024_dados.csv
A858,S,SC,XANXERE,"-26,938666","-52,39809","878,74",15/03/08,inmet_S_SC_A858_XANXERE_01-01-2024_A_31-12-2024_dados.csv
A860,S,SC,CURITIBANOS,"-27,2886111","-50,60416666","978,1",28/02/08,inmet_S_SC_A860_CURITIBANOS_01-01-2024_A_31-12-2024_dados.csv
A861,S,SC,RIO DO CAMPO,"-26,93749999","-50,14555555","591,67",10/03/08,inmet_S_SC_A861_RIO-DO-CAMPO_01-01-2024_A_31-12-2024_dados.csv
A862,S,SC,RIO NEGRINHO,"-26,2486111","-49,57416666",856,22/03/08,inmet_S_SC_A862_RIO-NEGRINHO_01-01-2024_A_31-12-2024_dados.csv
A863,S,SC,ITUPORANGA,"-27,41833332","-49,64694444","479,79",04/03/08,inmet_S_SC_A863_ITUPORANGA_01-01-2024_A_31-12-2024_dados.csv
A864,S,SC,MAJOR VIEIRA,"-26,3936111","-50,36333333","799,58",09/02/09,inmet_S_SC_A864_MAJOR-VIEIRA_01-01-2024_A_31-12-2024_dados.csv
A865,S,SC,LAGES,"-27,80222222","-50,33555555","952,7",06/11/14,inmet_S_SC_A865_LAGES_01-01-2024_A_31-12-2024_dados.csv
A866,S,SC,Laguna  - Farol de Santa Marta,"-28,60444444","-48,81333333","34,36",01/06/08,inmet_S_SC_A866_Laguna---Farol-de-Santa-Marta_01-01-2024_A_31-12-2024_dados.csv
A867,S,SC,ARARANGUA,"-28,931353","-49,49792",2,28/09/08,inmet_S_SC_A867_ARARANGUA_01-01-2024_A_31-12-2024_dados.csv
A868,S,SC,ITAJAI,"-26,95083333","-48,76194444","9,76",24/06/10,inmet_S_SC_A868_ITAJAI_01-01-2024_A_31-12-2024_dados.csv
A870,S,SC,RANCHO QUEIMADO,"-27,6786111","-49,04194444",881,31/05/16,inmet_S_SC_A870_RANCHO-QUEIMADO_01-01-2024_A_31-12-2024_dados.csv
A895,S,SC,CHAPECO,"-27,0853111","-52,6357111",679,19/02/19,inmet_S_SC_A895_CHAPECO_01-01-2024_A_31-12-2024_dados.csv
A898,S,SC,CAMPOS NOVOS,"-27,3886111","-51,21583333",963,15/02/19,inmet_S_SC_A898_CAMPOS-NOVOS_01-01-2024_A_31-12-2024_dados.csv
A035,CO,GO,ITUMBIARA,"-18,40972222","-49,19194444","491,17",01/11/07,inmet_CO_GO_A035_ITUMBIARA_01-01-2025_A_31-12-2025_dados.csv
A912,CO,MT,CAMPO VERDE,"-15,55888888","-55,17944443",747,21/11/06,inmet_CO_MT_A912_CAMPO-VERDE_01-01-2025_A_31-12-2025_dados.csv
A929,CO,MT,NOVA UBIRATA,"-13,41111111","-54,75222222","466,48",13/04/08,inmet_CO_MT_A929_NOVA-UBIRATA_01-01-2025_A_31-12-2025_dados.csv
A931,CO,MT,SANTO ANTONIO DO LESTE,"-14,92499999","-53,88444444",662,30/05/08,inmet_CO_MT_A931_SANTO-ANTONIO-DO-LESTE_01-01-2025_A_31-12-2025_dados.csv
A934,CO,MT,ALTO TAQUARI,"-17,8411111","-53,28944444","862,42",29/01/08,inmet_CO_MT_A934_ALTO-TAQUARI_01-01-2025_A_31-12-2025_dados.csv
A945,CO,MT,BARRA DO GARCAS,"-15,88472221","-52,22722221",304,26/11/25,inmet_CO_MT_A945_BARRA-DO-GARCAS_26-11-2025_A_31-12-2025_dados.csv
A949,CO,MT,DIAMANTINO,"-14,37777777","-56,37972221",317,27/11/25,inmet_CO_MT_A949_DIAMANTINO_27-11-2025_A_31-12-2025_dados.csv
A955,CO,MT,LUCAS DO RIO VERDE,"-13,07499999","-55,91138888",393,03/12/25,inmet_CO_MT_A955_LUCAS-DO-RIO-VERDE_03-12-2025_A_31-12-2025_dados.csv
A224,NE,MA,ESTREITO,"-6,65333333","-47,41833332","182,96",27/02/08,inmet_NE_MA_A224_ESTREITO_01-01-2025_A_31-12-2025_dados.csv
A214,N,PA,RONDON DO PARA,"-4,82749999","-48,1736111",203,17/04/08,inmet_N_PA_A214_RONDON-DO-PARA_01-01-2025_A_31-12-2025_dados.csv
A246,N,PA,MINA DO PALITO,"-6,31999999","-55,78777777","259,88",28/09/10,inmet_N_PA_A246_MINA-DO-PALITO_01-01-2025_A_31-12-2025_dados.csv
A549,SE,MG,AGUAS VERMELHAS,"-15,75166666","-41,45777777","754,07",09/09/07,inmet_SE_MG_A549_AGUAS-VERMELHAS_01-01-2025_A_31-12-2025_dados.csv
A556,SE,MG,MANHUACU,"-20,26333333","-42,18277777","819,47",25/09/10,inmet_SE_MG_A556_MANHUACU_01-01-2025_A_31-12-2025_dados.csv
A572,SE,MG,BELO HORIZONTE - SANTO AGOSTINHO,"-19,93388888","-43,95222222","915,47",28/08/25,inmet_SE_MG_A572_BELO-HORIZONTE---SANTO-AGOSTINHO_28-08-2025_A_31-12-2025_dados.csv
A735,SE,SP,JOSE BONIFACIO,"-21,08555555","-49,92027777","408,35",03/09/07,inmet_SE_SP_A735_JOSE-BONIFACIO_01-01-2025_A_31-12-2025_dados.csv
A755,SE,SP,BARUERI,"-23,52388888","-46,86944443","776,5",29/03/11,inmet_SE_SP_A755_BARUERI_01-01-2025_A_31-12-2025_dados.csv
B808,S,RS,CACHOEIRINHA,"-29,95138888","-51,12416666",72,18/02/25,inmet_S_RS_B808_CACHOEIRINHA_18-02-2025_A_31-12-2025_dados.csv
B809,S,RS,SAPUCAIA DO SUL,"-29,81388888","-51,15666666",23,01/05/25,inmet_S_RS_B809_SAPUCAIA-DO-SUL_01-05-2025_A_31-12-2025_dados.csv
B810,S,RS,PARQUE ELDORADO,"-30,09666666","-51,67388888",50,18/02/25,inmet_S_RS_B810_PARQUE-ELDORADO_18-02-2025_A_31-12-2025_dados.csv
B811,S,RS,SERTAO SANTANA,"-30,49416666","-51,66333333",116,14/08/25,inmet_S_RS_B811_SERTAO-SANTANA_14-08-2025_A_31-12-2025_dados.csv
B812,S,RS,CHARQUEADAS,"-29,96555555","-51,62555554",23,01/05/25,inmet_S_RS_B812_CHARQUEADAS_01-05-2025_A_31-12-2025_dados.csv
B813,S,RS,MINAS DO LEAO,"-30,12444443","-52,05083333",54,01/08/25,inmet_S_RS_B813_MINAS-DO-LEAO_01-08-2025_A_31-12-2025_dados.csv
B814,S,RS,MONTENEGRO,"-29,75861111","-51,4361111",15,01/08/25,inmet_S_RS_B814_MONTENEGRO_01-08-2025_A_31-12-2025_dados.csv
B816,S,RS,SANTA MARIA DO HERVAL,"-29,47916666","-51,01333333",650,21/08/25,inmet_S_RS_B816_SANTA-MARIA-DO-HERVAL_21-08-2025_A_31-12-2025_dados.csv
B817,S,RS,CAXIAS DO SUL - CRIUVA,"-28,87416666","-50,97555554",857,01/08/25,inmet_S_RS_B817_CAXIAS-DO-SUL---CRIUVA_01-08-2025_A_31-12-2025_dados.csv
B818,S,RS,CAXIAS DO SUL - AEROPORTO,"-29,1961111","-51,18638888",756,14/08/25,inmet_S_RS_B818_CAXIAS-DO-SUL---AEROPORTO_14-08-2025_A_31-12-2025_dados.csv
B821,S,RS,SANTANA DA BOA VISTA,"-30,85861111","-53,15555555",138,17/09/25,inmet_S_RS_B821_SANTANA-DA-BOA-VISTA_17-09-2025_A_31-12-2025_dados.csv
B822,S,RS,CACHOEIRA DO SUL,"-30,01833332","-52,93888888",73,17/09/25,inmet_S_RS_B822_CACHOEIRA-DO-SUL_17-09-2025_A_31-12-2025_dados.csv
B823,S,RS,PINHEIRO MACHADO,"-31,57472221","-53,38833333",419,17/09/25,inmet_S_RS_B823_PINHEIRO-MACHADO_17-09-2025_A_31-12-2025_dados.csv
B825,S,RS,PORTO ALEGRE - BELEM NOVO,"-30,1861111","-51,17833332","3,3",01/05/25,inmet_S_RS_B825_PORTO-ALEGRE---BELEM-NOVO_01-05-2025_A_31-12-2025_dados.csv
B826,S,RS,HERVAL,"-32,01277777","-53,40305555",331,17/09/25,inmet_S_RS_B826_HERVAL_17-09-2025_A_31-12-2025_dados.csv
B827,S,RS,BAGE - CENTRO,"-31,30555555","-54,01333333","226,2",01/08/25,inmet_S_RS_B827_BAGE---CENTRO_01-08-2025_A_20-10-2025_dados.csv
B828,S,RS,ACEGUA,"-31,87472221","-54,11972221",271,17/09/25,inmet_S_RS_B828_ACEGUA_17-09-2025_A_31-12-2025_dados.csv
B829,S,RS,SANTA VITORIA DO PALMAR (RESERVA DO TAIM),"-32,83583333","-52,6436111",2,17/09/25,inmet_S_RS_B829_SANTA-VITORIA-DO-PALMAR-(RESERVA-DO-TAIM)_17-09-2025_A_31-12-2025_dados.csv
B830,S,RS,SANTA VITORIA DO PALMAR (CENTRO),"-33,53166666","-53,35027777",29,18/09/25,inmet_S_RS_B830_SANTA-VITORIA-DO-PALMAR-(CENTRO)_18-09-2025_A_31-12-2025_dados.csv
B832,S,RS,CAPAO DA CANOA,"-29,68527777","-49,99305555",0,13/10/25,inmet_S_RS_B832_CAPAO-DA-CANOA_13-10-2025_A_31-12-2025_dados.csv
B839,S,RS,SANTO ANTONIO DA PATRULHA,"-29,81611111","-50,53333333",47,13/10/25,inmet_S_RS_B839_SANTO-ANTONIO-DA-PATRULHA_13-10-2025_A_31-12-2025_dados.csv
B841,S,RS,TORRES,"-29,41361111","-49,80361111",0,13/10/25,inmet_S_RS_B841_TORRES_13-10-2025_A_31-12-2025_dados.csv
